<?xml version="1.0" encoding="UTF-8"?>
<?xml-model href="datos.xsd" type="application/xml" schematypens="http://www.w3.org/2001/XMLSchema"?>
<persona xmlns="http://lmsgi.iesvirgendelcarmen.com">
    <nombre>Pepe</nombre>
    <apellidos> García Fernández </apellidos>
    <direccion>
        <cp>23008</cp>
        <ciudad>Jaén</ciudad>
        <tipo_via>Paseo</tipo_via>
        <via>Estación</via>
        <numero>44</numero>
        <portal/>
        <puerta/>
    </direccion>
    <numero>555123456</numero>
    <email>pepe@sincorreo.com</email>
</persona>