<?xml version="1.0" encoding="UTF-8"?>
<?xml-model href="factura.xsd" type="application/xml" schematypens="http://www.w3.org/2001/XMLSchema"?>
<factura id="10-2022" fecha="2022-10-20">
    <cliente id="23424">
        <nombre>Juan</nombre>
        <apellido>Nadie</apellido>
        <email>juan@sincorreo.com</email>
        <telefono>+34-555-677-890</telefono>
        <direccion>
            Paseo de la Estación 44, 23008, JAEN
        </direccion>
    </cliente>
    <direccion>
        <nombreVia>del Percebe</nombreVia>
        <tipoVia>Rue</tipoVia>
        <localidad>Madrid</localidad>
        <cp>28001</cp>
    </direccion>
    <productos>
        <producto id="12312" cantidad="2">
            <nombre>Teclado USB</nombre>
            <descripcion>Teclado gaming retroiluminado</descripcion>
            <precio>36€</precio>
        </producto>
        <producto id="12312" cantidad="2">
            <nombre>Teclado USB</nombre>
            <descripcion>Teclado gaming retroiluminado</descripcion>
            <precio>36</precio>
        </producto>
    </productos>
</factura>