[ {
   "prestamo" : {
      "id" : 0,
      "lector" : {
         "id" : 1,
         "username" : "jfernandez",
         "password" : "Secreto123",
         "email" : "jfernandez@gmail.com",
         "telefono" : 109494362,
         "direcciones" : {
            "id" : 0,
            "tipoVia" : "CAMINO",
            "nombreVia" : "Chamarines",
            "numero" : 90,
            "portal" : "1",
            "planta" : 1,
            "cp" : {
               "cp" : "51770",
               "localidad" : "SEVILLA"
            }
         },
         "nombre" : "Jesus",
         "apellidos" : "Fernandez"
      },
      "libro" : {
         "id" : 1,
         "ISBN" : "6813618122934",
         "titulo" : "Orgullo y prejuicio,",
         "autor" : "F. Scott Fitzgerald",
         "edicion" : 3,
         "editorial" : "Planeta,",
         "año" : 2022
      },
      "operario" : {
         "id" : 1,
         "username" : "pgutierrez",
         "password" : "Secreto123",
         "email" : "pgutierrez@gmail.com"
      }
   }
}, {
   "prestamo" : {
      "id" : 1,
      "lector" : {
         "id" : 1,
         "username" : "jfernandez",
         "password" : "Secreto123",
         "email" : "jfernandez@gmail.com",
         "telefono" : 109494362,
         "direcciones" : {
            "id" : 0,
            "tipoVia" : "CAMINO",
            "nombreVia" : "Chamarines",
            "numero" : 90,
            "portal" : "1",
            "planta" : 1,
            "cp" : {
               "cp" : "51770",
               "localidad" : "SEVILLA"
            }
         },
         "nombre" : "Jesus",
         "apellidos" : "Fernandez"
      },
      "libro" : {
         "id" : 1,
         "ISBN" : "6813618122934",
         "titulo" : "Orgullo y prejuicio,",
         "autor" : "F. Scott Fitzgerald",
         "edicion" : 3,
         "editorial" : "Planeta,",
         "año" : 2022
      },
      "operario" : {
         "id" : 1,
         "username" : "pgutierrez",
         "password" : "Secreto123",
         "email" : "pgutierrez@gmail.com"
      }
   }
}, {
   "prestamo" : {
      "id" : 2,
      "lector" : {
         "id" : 1,
         "username" : "jfernandez",
         "password" : "Secreto123",
         "email" : "jfernandez@gmail.com",
         "telefono" : 109494362,
         "direcciones" : {
            "id" : 0,
            "tipoVia" : "CAMINO",
            "nombreVia" : "Chamarines",
            "numero" : 90,
            "portal" : "1",
            "planta" : 1,
            "cp" : {
               "cp" : "51770",
               "localidad" : "SEVILLA"
            }
         },
         "nombre" : "Jesus",
         "apellidos" : "Fernandez"
      },
      "libro" : {
         "id" : 1,
         "ISBN" : "6813618122934",
         "titulo" : "Orgullo y prejuicio,",
         "autor" : "F. Scott Fitzgerald",
         "edicion" : 3,
         "editorial" : "Planeta,",
         "año" : 2022
      },
      "operario" : {
         "id" : 1,
         "username" : "pgutierrez",
         "password" : "Secreto123",
         "email" : "pgutierrez@gmail.com"
      }
   }
}, {
   "prestamo" : {
      "id" : 3,
      "lector" : {
         "id" : 1,
         "username" : "jfernandez",
         "password" : "Secreto123",
         "email" : "jfernandez@gmail.com",
         "telefono" : 109494362,
         "direcciones" : {
            "id" : 0,
            "tipoVia" : "CAMINO",
            "nombreVia" : "Chamarines",
            "numero" : 90,
            "portal" : "1",
            "planta" : 1,
            "cp" : {
               "cp" : "51770",
               "localidad" : "SEVILLA"
            }
         },
         "nombre" : "Jesus",
         "apellidos" : "Fernandez"
      },
      "libro" : {
         "id" : 1,
         "ISBN" : "6813618122934",
         "titulo" : "Orgullo y prejuicio,",
         "autor" : "F. Scott Fitzgerald",
         "edicion" : 3,
         "editorial" : "Planeta,",
         "año" : 2022
      },
      "operario" : {
         "id" : 1,
         "username" : "pgutierrez",
         "password" : "Secreto123",
         "email" : "pgutierrez@gmail.com"
      }
   }
}, {
   "prestamo" : {
      "id" : 4,
      "lector" : {
         "id" : 1,
         "username" : "jfernandez",
         "password" : "Secreto123",
         "email" : "jfernandez@gmail.com",
         "telefono" : 109494362,
         "direcciones" : {
            "id" : 0,
            "tipoVia" : "CAMINO",
            "nombreVia" : "Chamarines",
            "numero" : 90,
            "portal" : "1",
            "planta" : 1,
            "cp" : {
               "cp" : "51770",
               "localidad" : "SEVILLA"
            }
         },
         "nombre" : "Jesus",
         "apellidos" : "Fernandez"
      },
      "libro" : {
         "id" : 1,
         "ISBN" : "6813618122934",
         "titulo" : "Orgullo y prejuicio,",
         "autor" : "F. Scott Fitzgerald",
         "edicion" : 3,
         "editorial" : "Planeta,",
         "año" : 2022
      },
      "operario" : {
         "id" : 1,
         "username" : "pgutierrez",
         "password" : "Secreto123",
         "email" : "pgutierrez@gmail.com"
      }
   }
} ]